,City,Country,Date,Latitude,Longitude,Max Temperature,Humidity,Cloudiness,Wind Speed
0,Garoowe,SO,1613509928,8.4054,48.4845,66.34,91,10,10.69
1,Grand Gaube,MU,1613509752,-20.0064,57.6608,77.0,88,96,1.99
2,Weiser,US,1613510106,44.251,-116.9693,42.8,52,40,4.61
3,Kathmandu,NP,1613509847,27.7167,85.3167,48.2,93,20,3.44
4,Puerto Ayora,EC,1613509704,-0.7393,-90.3518,84.2,70,75,12.66
5,Barbacena,BR,1613510106,-21.2258,-43.7736,82.4,42,20,9.22
6,Caicedo,CO,1613510107,6.4051,-75.9826,68.0,64,40,6.91
7,Kadyy,RU,1613510107,57.787,43.1903,4.32,94,100,7.18
8,Pangnirtung,CA,1613509727,66.1451,-65.7125,-11.2,77,20,16.11
9,Bethel,US,1613509689,41.3712,-73.414,46.4,66,90,8.05
10,Upernavik,GL,1613509706,72.7868,-56.1549,-8.48,88,89,2.51
11,Jamestown,US,1613509467,42.097,-79.2353,21.0,86,90,14.97
12,Rikitea,PF,1613509689,-23.1203,-134.9692,79.05,73,0,13.98
13,Atuona,PF,1613509699,-9.8,-139.0333,78.93,79,30,15.26
14,Eidfjord,NO,1613510108,60.4675,7.0719,19.0,86,100,8.68
15,Kapaa,US,1613509692,22.0752,-159.319,79.0,88,75,12.66
16,Half Moon Bay,US,1613510108,37.4636,-122.4286,55.99,76,20,17.27
17,Durban,ZA,1613510103,-29.8579,31.0292,68.0,82,90,6.91
18,Saint Paul Harbor,US,1613509724,57.79,-152.4072,39.2,81,90,3.44
19,Butaritari,KI,1613509696,3.0707,172.7902,81.3,80,2,18.43
20,Chokurdakh,RU,1613509760,70.6333,147.9167,-18.78,89,98,1.92
21,Busselton,AU,1613509699,-33.65,115.3333,57.0,96,0,1.01
22,Sarankhola,BD,1613510109,22.3082,89.7897,62.19,63,0,0.98
23,Saint-Augustin,CA,1613509711,51.226,-58.6502,11.08,91,100,5.41
24,Airai,TL,1613509704,-8.9266,125.4092,60.31,100,100,2.26
25,Punta Arenas,CL,1613509691,-53.15,-70.9167,64.4,45,90,11.5
26,Hithadhoo,MV,1613509725,-0.6,73.0833,81.61,68,85,3.78
27,Harrison,US,1613510110,30.4091,-89.0436,39.2,45,1,5.75
28,Caravelas,BR,1613509724,-17.7125,-39.2481,79.07,78,100,10.8
29,‘Āhuimanu,US,1613509924,21.4447,-157.8378,80.6,65,40,5.75
30,Iqaluit,CA,1613509690,63.7506,-68.5145,-4.0,65,40,11.5
31,Hobart,AU,1613509696,-42.8794,147.3294,60.8,77,20,6.91
32,Aksarka,RU,1613509951,66.5606,67.7975,-18.29,86,93,9.4
33,Vaini,TO,1613509690,-21.2,-175.2,82.4,78,20,9.22
34,Kpandae,GH,1613510111,8.4689,-0.0113,88.21,40,69,5.53
35,Izhma,RU,1613510111,65.0083,53.9113,-31.97,83,78,3.67
36,Bredasdorp,ZA,1613509690,-34.5322,20.0403,66.2,68,81,16.11
37,Thompson,CA,1613509704,55.7435,-97.8558,6.8,66,40,4.61
38,Atambua,ID,1613510111,-9.1061,124.8925,73.87,90,100,0.29
39,Port Lincoln,AU,1613509738,-34.7333,135.8667,72.7,62,0,9.08
40,Hermanus,ZA,1613509688,-34.4187,19.2345,66.0,76,21,8.99
41,Nampula,MZ,1613510112,-15.1165,39.2666,80.6,74,0,14.97
42,Cherskiy,RU,1613509688,68.75,161.3,-24.68,87,10,2.04
43,George Town,MY,1613509688,5.4112,100.3354,78.8,83,20,4.7
44,Narasaraopet,IN,1613510112,16.25,80.0667,65.89,91,0,3.47
45,Maniwaki,CA,1613510113,46.3834,-75.966,10.4,85,100,8.05
46,Saint-François,FR,1613509743,46.4154,3.9054,53.6,62,0,5.75
47,Itarema,BR,1613509926,-2.9248,-39.9167,74.82,92,100,3.62
48,Bluff,NZ,1613509690,-46.6,168.3333,54.0,78,30,3.94
49,Castro,BR,1613509689,-24.7911,-50.0119,74.07,71,31,3.4
50,San Quintín,MX,1613509690,30.4833,-115.95,61.38,63,95,18.61
51,New Norfolk,AU,1613509711,-42.7826,147.0587,57.99,77,10,2.51
52,Aripuanã,BR,1613509936,-9.1667,-60.6333,81.46,87,95,1.66
53,Kushmurun,KZ,1613509995,52.4503,64.6311,-8.43,87,68,3.02
54,Vila Franca do Campo,PT,1613509988,37.7167,-25.4333,59.0,67,40,16.11
55,Sittwe,MM,1613510114,20.15,92.9,64.04,75,0,8.01
56,Ancud,CL,1613509691,-41.8697,-73.8203,64.99,59,20,8.05
57,Vestmannaeyjar,IS,1613509767,63.4427,-20.2734,40.08,89,100,6.96
58,Cabo San Lucas,MX,1613509651,22.8909,-109.9124,78.01,52,1,24.16
59,Marzuq,YE,1613510115,14.4,46.4667,61.65,46,16,3.51
60,Tommot,RU,1613509694,58.9564,126.2925,-28.64,81,10,1.66
61,Sosnovo-Ozerskoye,RU,1613510115,52.5249,111.5418,-13.86,87,94,3.22
62,Qaanaaq,GL,1613509699,77.484,-69.3632,-5.66,86,99,0.56
63,Avarua,CK,1613509700,-21.2078,-159.775,82.4,78,75,2.3
64,Naze,JP,1613509725,28.3667,129.4833,52.38,77,100,21.43
65,Egvekinot,RU,1613509887,66.3167,-179.1667,-14.6,87,45,12.86
66,Riohacha,CO,1613509861,11.5444,-72.9072,85.87,52,87,14.43
67,Zavoronezhskoye,RU,1613510116,52.8801,40.5526,-9.92,89,6,7.45
68,Marietta,US,1613509822,33.9526,-84.5499,28.4,68,75,8.05
69,Bonavista,CA,1613509763,48.6499,-53.1147,27.0,58,100,3.44
70,Viedma,AR,1613509972,-40.8135,-62.9967,82.99,32,0,10.36
71,Ushuaia,AR,1613509694,-54.8,-68.3,60.8,55,40,9.22
72,Myaundzha,RU,1613510118,63.0494,147.1858,-11.81,87,100,2.33
73,Nynäshamn,SE,1613510118,58.9034,17.9479,28.99,88,7,7.18
74,Cape Town,ZA,1613509688,-33.9258,18.4232,69.01,60,0,9.22
75,Saskylakh,RU,1613509698,71.9167,114.0833,-26.18,84,76,10.63
76,Mataura,NZ,1613509703,-46.1927,168.8643,54.0,78,21,0.6
77,Bunda,TZ,1613510119,-2.05,33.8667,67.12,80,66,3.27
78,Dikson,RU,1613509713,73.5069,80.5464,-26.23,87,99,12.64
79,Peruíbe,BR,1613510119,-24.32,-46.9983,79.9,78,16,5.5
80,Saint-Philippe,RE,1613509688,-21.3585,55.7679,80.6,74,0,4.61
81,Barpeta,IN,1613510119,26.3167,91.0,57.2,77,40,3.67
82,Lixouri,GR,1613510119,38.2019,20.4314,44.8,55,0,8.99
83,Jeremoabo,BR,1613510120,-10.075,-38.4808,78.51,71,98,4.68
84,Hilo,US,1613509711,19.7297,-155.09,80.6,61,40,8.05
85,Murray,US,1613510120,40.6669,-111.888,37.4,100,90,12.66
86,Chontalpa,MX,1613510120,17.7,-93.5167,76.35,76,52,5.75
87,Flinders,AU,1613509748,-34.5833,150.8552,68.0,92,88,1.01
88,Pinhão,BR,1613510120,-25.6956,-51.6597,73.0,59,36,6.49
89,Honiara,SB,1613510121,-9.4333,159.95,81.25,79,96,2.57
90,Channel-Port aux Basques,CA,1613510121,47.5702,-59.1367,25.05,97,100,15.19
91,Torbay,CA,1613509697,47.6666,-52.7314,27.0,68,90,11.5
92,Hailey,US,1613510121,43.5196,-114.3153,35.6,55,75,9.22
93,Lebu,CL,1613509713,-37.6167,-73.65,59.31,69,0,12.77
94,Stephenville,US,1613509926,32.2207,-98.2023,21.2,53,40,8.05
95,Dunedin,NZ,1613509727,-45.8742,170.5036,54.0,67,1,13.0
96,Wanning,CN,1613510122,18.8003,110.3967,63.99,91,7,7.07
97,Erzin,TR,1613510122,36.9559,36.2,41.0,95,99,17.0
98,Tautira,PF,1613509774,-17.7333,-149.15,84.2,74,75,3.44
99,Los Llanos de Aridane,ES,1613509667,28.6585,-17.9182,66.2,48,0,9.22
100,Bridlington,GB,1613510122,54.0831,-0.1919,44.01,85,68,1.01
101,Mar del Plata,AR,1613509687,-38.0023,-57.5575,69.01,88,90,12.66
102,Arrondissement de Perpignan,FR,1613510123,42.75,2.75,48.99,81,0,4.61
103,Arraial do Cabo,BR,1613509737,-22.9661,-42.0278,84.2,78,20,6.91
104,Cabedelo,BR,1613510123,-6.9811,-34.8339,80.6,83,75,9.22
105,Vostok,RU,1613509931,46.4856,135.8833,8.71,96,100,6.55
106,Te Anau,NZ,1613509911,-45.4167,167.7167,50.0,65,10,0.22
107,Marihatag,PH,1613510123,8.7936,126.2969,76.23,78,100,6.2
108,Nagato,JP,1613510123,34.3833,131.2,37.4,93,75,16.11
109,Bengkulu,ID,1613509737,-3.8004,102.2655,76.26,86,100,4.0
110,Makkah al Mukarramah,SA,1613509895,21.4267,39.8261,77.0,55,0,2.98
111,Shache,CN,1613510124,38.4167,77.2406,36.19,70,96,3.06
112,Mayskiy,RU,1613510124,47.6931,40.1025,15.8,67,20,11.18
113,Merauke,ID,1613509727,-8.4667,140.3333,77.23,88,100,14.09
114,Bentiu,SS,1613510124,9.2333,29.8333,83.12,18,87,3.6
115,Tuktoyaktuk,CA,1613509708,69.4541,-133.0374,-20.2,76,90,9.22
116,Maniitsoq,GL,1613510124,65.4167,-52.9,2.82,82,10,6.89
117,Beringovskiy,RU,1613510124,63.05,179.3167,-14.01,86,37,13.69
118,Hong Kong,HK,1613509473,22.2855,114.1577,68.0,71,2,10.63
119,Albany,US,1613509692,42.6001,-73.9662,37.0,85,100,5.01
120,Kainantu,PG,1613510125,-6.2887,145.8655,61.72,95,100,1.86
121,Ostrovnoy,RU,1613509756,68.0531,39.5131,0.21,92,89,8.21
122,Balaka,MW,1613510125,-14.9793,34.9558,71.17,89,100,4.97
123,Youghal,IE,1613510125,51.95,-7.8506,48.0,93,75,16.11
124,Carutapera,BR,1613509770,-1.195,-46.02,75.94,94,100,5.23
125,Tiksi,RU,1613509693,71.6872,128.8694,-23.08,83,36,3.06
126,Udayagiri,IN,1613510126,20.1333,84.3833,61.09,70,0,2.17
127,Meulaboh,ID,1613509745,4.1363,96.1285,77.97,82,43,4.7
128,Vila Velha,BR,1613509698,-20.3297,-40.2925,78.8,89,75,6.91
129,Novyy Rogachik,RU,1613510126,48.6768,44.0608,10.4,72,0,11.18
130,Platteville,US,1613510126,42.7342,-90.4785,17.6,57,1,3.13
131,Pevek,RU,1613509704,69.7008,170.3133,-23.19,88,2,3.24
132,Thinadhoo,MV,1613510127,0.5333,72.9333,80.91,68,10,0.65
133,São Félix do Xingu,BR,1613510127,-6.6447,-51.995,77.13,95,100,1.03
134,Olinda,BR,1613510127,-8.0089,-34.8553,80.6,69,75,9.22
135,Lagoa,PT,1613509945,39.05,-27.9833,58.17,76,100,22.91
136,Prymors'k,UA,1613510127,46.7348,36.3443,21.65,85,0,11.39
137,Pidhorodne,UA,1613510128,48.5753,35.1068,5.0,85,0,5.3
138,Hofn,IS,1613509693,64.2539,-15.2082,40.19,89,100,14.34
139,Dalbandin,PK,1613510128,28.8947,64.4101,54.1,31,0,3.49
140,Sinnamary,GF,1613509988,5.3833,-52.95,77.61,75,33,11.32
141,Kattivākkam,IN,1613510128,13.2167,80.3167,73.4,78,20,6.53
142,Farafangana,MG,1613510128,-22.8167,47.8333,74.35,93,100,7.25
143,Villacarrillo,ES,1613510128,38.1156,-3.0848,47.91,54,100,1.1
144,Ahipara,NZ,1613509749,-35.1667,173.1667,66.9,68,87,7.92
145,Halifax,CA,1613509680,44.6453,-63.5724,36.0,100,90,16.11
146,Port-Cartier,CA,1613510129,50.0334,-66.8654,17.01,53,90,5.75
147,Soe,ID,1613509977,-9.8607,124.284,65.77,100,100,3.18
148,Katsuura,JP,1613509762,35.1333,140.3,50.0,43,20,28.77
149,Tambopata,PE,1613510129,-12.7333,-69.1833,80.6,83,75,5.75
150,Teya,RU,1613510129,60.3778,92.6267,-4.85,88,49,2.44
151,Provideniya,RU,1613509700,64.3833,-173.3,-0.4,65,0,15.66
152,Yellowknife,CA,1613509717,62.456,-114.3525,-14.01,76,75,3.44
153,Khāsh,IR,1613510130,28.2211,61.2158,46.18,39,0,2.21
154,Antalaha,MG,1613510130,-14.9003,50.2788,78.04,89,100,3.44
155,Henties Bay,NA,1613509708,-22.116,14.2845,64.0,89,1,1.99
156,Kribi,CM,1613510130,2.95,9.9167,81.68,82,93,9.64
157,Padang,ID,1613509922,-0.9492,100.3543,73.4,94,20,2.3
158,Bambous Virieux,MU,1613509702,-20.3428,57.7575,77.0,100,40,4.61
159,College,US,1613509741,64.8569,-147.8028,10.4,79,90,3.44
160,Cayenne,GF,1613510131,4.9333,-52.3333,82.4,61,20,9.22
161,Pisco,PE,1613509733,-13.7,-76.2167,80.6,61,0,11.5
162,Bikaner,IN,1613509839,28.0167,73.3,64.63,26,0,6.4
163,Ribeira Grande,PT,1613509717,38.5167,-28.7,55.4,94,75,11.5
164,Bontang,ID,1613510131,0.1333,117.5,78.57,83,100,5.68
165,Nikolskoye,RU,1613509693,59.7035,30.7861,14.0,73,75,13.42
166,Batagay-Alyta,RU,1613509712,67.8006,130.4114,-32.96,82,0,0.58
167,Carnarvon,AU,1613509705,-24.8667,113.6333,77.0,100,75,17.27
168,Bethanien,NA,1613510132,-26.502,17.1583,77.63,18,0,8.79
169,Kaitangata,NZ,1613509697,-46.2817,169.8464,53.01,73,5,7.0
170,Omboué,GA,1613510132,-1.5746,9.2618,78.91,87,2,6.42
171,Valparaíso,CL,1613510013,-33.0393,-71.6273,69.8,56,40,6.91
172,Brigantine,US,1613509873,39.4101,-74.3646,51.01,76,90,13.8
173,Mount Isa,AU,1613510133,-20.7333,139.5,77.0,78,90,8.05
174,Delmas 73,HT,1613509996,18.5447,-72.3028,86.0,54,20,13.8
175,Kasongo-Lunda,CD,1613510133,-6.4667,16.8167,72.28,89,100,1.23
176,Muriti,TZ,1613510133,-1.9833,32.9167,73.08,73,69,8.68
177,Palmas,BR,1613510133,-10.2128,-48.3603,82.4,74,20,2.3
178,Soyo,AO,1613510134,-6.1349,12.3689,81.14,78,92,7.29
179,Kahului,US,1613509736,20.8947,-156.47,78.8,65,40,8.05
180,Shahr-e Kord,IR,1613510134,32.3256,50.8644,32.0,43,0,4.61
181,Sur,OM,1613509715,22.5667,59.5289,70.5,68,0,10.0
182,Poso,ID,1613510134,-1.3959,120.7524,78.15,73,100,4.16
183,Skjervøy,NO,1613509903,70.0311,20.9714,27.66,85,87,9.44
184,Tacoronte,ES,1613510066,28.4769,-16.4102,64.99,37,0,12.46
185,Mareeba,AU,1613509950,-17.0,145.4333,75.2,94,75,8.05
186,Benton,US,1613509913,36.3334,-94.3335,18.0,53,1,4.61
187,Elizabeth City,US,1613509758,36.2946,-76.2511,66.2,39,1,19.57
188,Sahuaripa,MX,1613510135,29.05,-109.2333,69.98,25,53,23.69
189,Daru,PG,1613509924,-9.0763,143.2092,76.64,90,100,10.8
190,Bantou,CN,1613510136,26.2151,117.4893,52.03,89,41,2.82
191,Severo-Kuril'sk,RU,1613509694,50.6789,156.125,31.93,98,100,19.44
192,Jönköping,SE,1613509880,57.7814,14.1562,28.4,86,75,6.91
193,Guerrero Negro,MX,1613509734,27.9769,-114.0611,63.99,64,98,15.9
194,Kodinsk,RU,1613509905,58.6881,99.1844,11.59,95,100,2.84
195,Komagane,JP,1613510137,35.7296,137.9396,34.0,82,99,8.01
196,Kendari,ID,1613509774,-3.945,122.4989,75.51,89,97,2.57
197,Bubaque,GW,1613509912,11.2833,-15.8333,77.58,67,98,15.64
198,Narok,KE,1613510137,-1.0783,35.8601,59.59,76,83,1.99
199,Witu,KE,1613510137,-2.3889,40.4382,74.55,87,100,7.07
200,Yulara,AU,1613509691,-25.2406,130.9889,73.4,38,0,8.05
201,Hambantota,LK,1613509735,6.1241,81.1185,75.04,81,7,11.52
202,Baykit,RU,1613510016,61.67,96.37,-6.25,87,100,2.26
203,Ilulissat,GL,1613509691,69.2167,-51.1,1.4,60,75,8.05
204,Iwaki,JP,1613509760,37.05,140.8833,25.0,89,42,8.97
205,Atbasar,KZ,1613510139,51.8,68.3333,-1.7,90,97,5.84
206,Zaria,NG,1613510139,11.1113,7.7227,73.74,17,0,12.33
207,Muroto-misakicho,JP,1613510140,33.2833,134.15,45.81,63,89,30.47
208,Shingū,JP,1613509906,33.7333,135.9833,42.78,69,46,14.2
209,Port Elizabeth,ZA,1613509739,-33.918,25.5701,66.2,68,75,8.05
210,Lüderitz,NA,1613509697,-26.6481,15.1594,65.35,70,0,6.64
211,Itoman,JP,1613510140,26.1247,127.6694,57.2,94,75,5.75
212,Champerico,GT,1613509726,14.3,-91.9167,91.4,52,40,9.22
213,Haines Junction,CA,1613510007,60.7522,-137.5108,-14.8,53,100,1.9
214,Zandvoort,NL,1613510141,52.3749,4.5341,44.6,93,75,10.36
215,Yangi Marg`ilon,UZ,1613509971,40.4272,71.7189,50.0,27,0,6.91
216,Patiāla,IN,1613510141,30.3267,76.4003,54.21,52,0,4.38
217,General Roca,AR,1613510141,-39.0333,-67.5833,87.8,25,0,2.3
218,Saint-Louis,SN,1613510142,16.3333,-15.0,86.07,13,100,9.8
219,Gatton,AU,1613510142,-27.55,152.2833,71.6,73,40,8.05
220,Porbandar,IN,1613510143,21.6422,69.6093,68.23,79,0,9.17
221,Guangyuan,CN,1613509903,32.442,105.823,43.0,52,100,2.48
222,Indiaroba,BR,1613510143,-11.5192,-37.5117,79.86,81,99,5.61
223,Srednekolymsk,RU,1613509702,67.45,153.6833,-16.49,88,100,4.52
224,East London,ZA,1613509698,-33.0153,27.9116,66.7,68,31,8.63
225,Comodoro Rivadavia,AR,1613509708,-45.8667,-67.5,75.2,38,0,16.11
226,Shinuhayr,AM,1613510143,39.4367,46.3179,40.39,74,99,2.42
227,Capinota,BO,1613509869,-17.7167,-66.2333,69.8,46,75,5.75
228,Chivilcoy,AR,1613510135,-34.8957,-60.0167,77.0,67,0,10.0
229,Bathsheba,BB,1613509726,13.2167,-59.5167,78.8,61,40,23.02
230,Faanui,PF,1613509707,-16.4833,-151.75,82.08,68,1,9.69
231,San-Pédro,CI,1613510144,4.7485,-6.6363,79.29,87,100,5.08
232,Zhoucheng,CN,1613510144,35.9122,116.3117,25.77,63,0,6.87
233,Longyearbyen,SJ,1613509693,78.2186,15.6401,37.4,75,75,19.57
234,Geraldton,AU,1613509448,-28.7667,114.6,71.6,88,90,10.36
235,Garden City,US,1613510112,42.3256,-83.331,21.2,58,75,12.66
236,Tasiilaq,GL,1613509707,65.6145,-37.6368,32.0,86,75,17.27
237,Mgandu,TZ,1613510145,-5.95,34.1333,61.12,92,99,1.59
238,Worland,US,1613510145,44.0169,-107.9554,23.0,58,20,2.44
239,Deputatsky,RU,1613510145,69.3,139.9,-23.42,88,98,0.27
240,Quilmaná,PE,1613510145,-12.95,-76.3833,77.83,55,23,7.07
241,Torres,BR,1613510146,-29.3353,-49.7269,77.43,77,50,4.7
242,Nanortalik,GL,1613509714,60.1432,-45.2371,17.04,88,100,18.39
243,Dolinsk,RU,1613510146,47.35,142.8,26.6,93,90,15.66
244,Cairns,AU,1613509992,-16.9167,145.7667,75.2,94,75,8.05
245,Bani Walid,LY,1613510147,31.7566,13.9942,44.69,63,0,5.55
246,Saldanha,ZA,1613509730,-33.0117,17.9442,66.2,68,0,5.75
247,Esil,KZ,1613510147,51.9556,66.4042,-6.36,89,98,4.29
248,Khatanga,RU,1613509712,71.9667,102.5,-19.41,83,91,7.99
249,Pestretsy,RU,1613510147,55.7531,49.6545,-11.2,77,0,6.71
250,Clyde River,CA,1613509701,70.4692,-68.5914,-20.2,76,40,4.61
251,Lashio,MM,1613510147,22.9333,97.75,52.07,62,0,1.7
252,Kalāleh,IR,1613510147,37.3807,55.4916,46.4,87,0,9.06
253,Hualmay,PE,1613509706,-11.0964,-77.6139,77.47,62,7,8.88
254,Northam,GB,1613510148,51.0333,-4.2167,48.99,93,43,13.0
255,Souillac,MU,1613509735,-20.5167,57.5167,77.0,100,40,4.61
256,Mahébourg,MU,1613509709,-20.4081,57.7,77.0,100,40,4.61
257,Atar,MR,1613509776,20.5169,-13.0499,72.64,21,64,10.56
258,The Pas,CA,1613509966,53.8251,-101.2541,3.2,51,1,10.36
259,Payo,ID,1613510148,-3.7508,103.6372,73.81,96,100,1.23
260,Eenhana,NA,1613510148,-17.4667,16.3333,77.0,57,18,2.3
261,Puerto Escondido,MX,1613509707,15.85,-97.0667,80.6,78,20,9.22
262,Nouakchott,MR,1613510149,18.0858,-15.9785,78.8,17,86,9.22
263,Jacqueville,CI,1613509871,5.2052,-4.4146,80.6,89,20,4.61
264,Kumul,CN,1613509728,42.8,93.45,31.1,79,0,1.63
265,Codrington,AU,1613509884,-38.2667,141.9667,69.76,54,1,6.04
266,Kamaishi,JP,1613509947,39.2667,141.8833,30.29,91,63,14.92
267,Emerald,AU,1613509764,-23.5333,148.1667,71.6,83,0,6.91
268,Bilma,NE,1613509920,18.6853,12.9164,59.43,35,0,19.93
269,Senno,RU,1613510150,59.5336,33.9167,-0.99,83,96,7.18
270,Biltine,TD,1613510150,14.5333,20.9167,68.34,25,31,20.22
271,Mahajanga,MG,1613510150,-15.7167,46.3167,78.8,94,40,3.44
272,Acapulco de Juárez,MX,1613509683,16.8634,-99.8901,80.6,61,75,11.5
273,Malanville,BJ,1613510150,11.8685,3.3899,84.9,13,0,12.62
274,Mahabalipuram,IN,1613510150,12.6264,80.1722,73.4,78,20,5.79
275,Port Alfred,ZA,1613509697,-33.5906,26.891,64.36,67,50,10.69
276,Esperance,AU,1613509701,-33.8667,121.9,68.0,83,60,5.75
277,Riyadh,SA,1613510151,24.6877,46.7219,71.6,21,0,8.05
278,Mogadishu,SO,1613509631,2.0371,45.3438,77.0,83,29,19.64
279,Alghero,IT,1613510151,40.5589,8.3181,48.2,81,75,2.3
280,Husavik,IS,1613509716,66.0449,-17.3389,33.8,93,90,5.75
281,Dauphin,CA,1613510151,51.1494,-100.0502,1.4,60,1,4.61
282,Samarai,PG,1613509894,-10.6167,150.6667,79.0,84,100,5.93
283,Capreol,CA,1613510152,46.706,-80.9225,12.99,44,75,10.36
284,Tuatapere,NZ,1613509725,-46.1333,167.6833,54.0,78,7,1.86
285,Saint Anthony,US,1613509728,45.0205,-93.218,10.99,48,1,1.79
286,Galesong,ID,1613509734,-5.3166,119.3661,73.4,100,20,1.14
287,Arrondissement de Bourg-en-Bresse,FR,1613510152,46.1667,5.1667,50.0,81,98,7.0
288,Maceió,BR,1613510079,-9.6658,-35.7353,80.6,83,0,12.66
289,Great Bend,US,1613509553,38.3645,-98.7648,12.2,62,90,16.11
290,Añisoc,GQ,1613510153,1.8658,10.7689,72.36,95,99,2.1
291,Roald,NO,1613510153,62.5833,6.1333,42.8,56,75,13.8
292,Puerto Nariño,CO,1613510153,-3.7703,-70.3831,77.0,100,75,3.44
293,El'brus,RU,1613510154,43.2577,42.6443,22.93,85,100,8.08
294,Lavrentiya,RU,1613509720,65.5833,-171.0,-18.31,84,0,10.74
295,Kiunga,PG,1613510154,-6.1219,141.2906,71.28,98,100,3.38
296,Seoul,KR,1613509913,37.5683,126.9778,15.8,44,0,13.8
297,Porto-Novo,BJ,1613509766,6.4965,2.6036,86.0,84,20,10.36
298,Tsimmerbude,RU,1613510154,54.675,20.1347,26.01,74,0,4.47
299,Sitka,US,1613509703,57.0531,-135.33,35.6,80,90,8.05
300,Lethem,GY,1613510154,3.3803,-59.7968,87.8,62,20,13.8
301,Impfondo,CG,1613510155,1.6381,18.0667,75.15,78,44,2.28
302,Río Tercero,AR,1613509857,-32.173,-64.1141,75.0,60,32,4.0
303,Alta Floresta,BR,1613509729,-9.8756,-56.0861,87.8,62,40,6.91
304,Xichang,CN,1613510155,27.8964,102.2634,44.06,76,99,4.43
305,Santa Cruz de la Sierra,BO,1613509839,-17.8,-63.1667,82.4,65,75,4.61
306,Conceição do Mato Dentro,BR,1613510155,-19.0372,-43.425,75.63,84,3,2.84
307,Tibagi,BR,1613510156,-24.5094,-50.4136,75.61,66,49,6.13
308,Gorontalo,ID,1613510156,0.5412,123.0595,75.72,87,63,2.84
309,Tutóia,BR,1613510156,-2.7619,-42.2744,75.2,100,90,4.36
310,Kavieng,PG,1613509706,-2.5744,150.7967,82.85,76,14,12.33
311,Saint-Paul,RE,1613510156,-21.0096,55.2707,73.0,93,100,6.33
312,Langxiang,CN,1613510156,46.95,128.8833,-4.47,90,100,3.65
313,Kondopoga,RU,1613510156,62.2057,34.2614,-2.2,78,99,8.95
314,Namikupa,TZ,1613510157,-10.8333,39.6,72.45,97,98,5.46
315,Nerekhta,RU,1613510157,57.4588,40.5747,6.8,78,90,6.71
316,Camacha,PT,1613509697,33.0833,-16.3333,62.6,94,20,3.44
317,Mackay,AU,1613510157,-21.15,149.2,78.8,69,75,17.27
318,Ponta do Sol,PT,1613509712,32.6667,-17.1,66.2,30,20,6.91
319,El Alto,PE,1613509690,-4.2714,-81.2147,84.2,54,0,16.11
320,São Filipe,CV,1613509710,14.8961,-24.4956,72.81,68,68,6.55
321,Christchurch,NZ,1613509774,-43.5333,172.6333,59.0,71,0,2.3
322,San Jose,US,1613509484,37.3394,-121.895,57.99,50,90,10.36
323,Poum,NC,1613509923,-20.2333,164.0167,80.89,81,18,7.43
324,Kwang Binh,VN,1613510158,17.4833,106.6,68.97,87,94,7.72
325,Yazoo City,US,1613510158,32.8551,-90.4056,30.2,59,1,4.29
326,Turan,VN,1613510158,16.0678,108.2208,66.2,94,20,1.14
327,Taganak,PH,1613510159,6.0833,118.3,77.0,94,20,4.61
328,Acaraú,BR,1613510159,-2.8856,-40.12,75.22,90,100,2.13
329,Caucayá,CO,1613510159,-0.1934,-74.7819,90.46,53,100,1.45
330,Taoudenni,ML,1613510159,22.6783,-3.9836,70.18,22,68,24.36
331,Barrow,US,1613509714,71.2906,-156.7887,-9.4,70,90,11.5
332,Jardim,BR,1613510159,-21.4803,-56.1381,77.14,84,94,3.18
333,San Cristobal,VE,1613509980,7.7669,-72.225,86.0,58,40,10.36
334,City of San Pedro,PH,1613510160,14.35,121.0167,75.2,78,20,2.3
335,Yantal',RU,1613510160,56.8471,105.2542,11.97,94,100,6.87
336,Mwense,ZM,1613510160,-10.3845,28.698,67.3,91,94,3.47
337,Arang,IN,1613510160,21.2,81.9667,69.42,42,83,5.86
338,Cidreira,BR,1613509713,-30.1811,-50.2056,76.39,78,6,9.71
339,Kyshtovka,RU,1613510161,56.555,76.6271,-7.73,91,14,6.46
340,San Andrés,CO,1613510006,12.5847,-81.7006,86.0,70,20,13.8
341,Napier City,NZ,1613510161,-39.4833,176.9167,60.01,72,100,5.99
342,Naushki,RU,1613510161,50.3828,106.1056,-5.39,88,10,2.89
343,Moscow,RU,1613509873,55.7522,37.6156,10.4,85,90,11.18
344,Rawson,AR,1613509930,-43.3002,-65.1023,78.91,29,0,23.04
345,São Gabriel da Cachoeira,BR,1613510161,-0.1303,-67.0892,86.56,68,97,0.72
346,Beyneu,KZ,1613509911,45.3167,55.2,40.17,89,94,21.79
347,Strzelce Opolskie,PL,1613510162,50.5107,18.3006,30.0,10,97,4.0
348,Salalah,OM,1613509718,17.0151,54.0924,71.6,73,0,2.3
349,Llangefni,GB,1613510162,53.2556,-4.3106,46.99,93,40,19.57
350,Constitución,CL,1613509703,-35.3333,-72.4167,61.14,71,61,8.37
351,Ciudad Guayana,VE,1613510163,8.3533,-62.6528,82.99,62,100,4.0
352,Sept-Îles,CA,1613509764,50.2001,-66.3821,17.01,53,90,6.91
353,Bandarbeyla,SO,1613509771,9.4942,50.8122,75.16,75,24,9.26
354,Coyhaique,CL,1613509746,-45.5752,-72.0662,60.8,44,75,9.22
355,Ambon City,ID,1613509732,-3.6954,128.1814,75.2,94,40,4.61
356,Klaksvík,FO,1613509709,62.2266,-6.589,44.6,100,75,21.85
357,Mossamedes,AO,1613509581,-15.1961,12.1522,74.8,75,5,7.25
358,La Santisima Trinidad,BO,1613509976,-14.8333,-64.9,82.4,83,40,5.75
359,Tenosique,MX,1613510164,17.4833,-91.4333,77.0,78,75,5.95
360,Macenta,GN,1613510165,8.5435,-9.471,75.0,74,100,1.21
361,Iaciara,BR,1613509870,-14.0958,-46.6317,76.28,87,96,4.29
362,Takanabe,JP,1613510165,32.1333,131.5,38.43,74,47,10.04
363,Fresno,US,1613510143,36.6666,-119.8343,57.99,62,75,6.91
364,Mehamn,NO,1613510165,71.0357,27.8492,14.0,73,0,11.5
365,Mattru,SL,1613510166,7.6244,-11.8332,78.69,83,99,3.56
366,Samfya,ZM,1613510166,-11.3649,29.5565,68.07,87,100,6.78
367,Aklavik,CA,1613509729,68.2191,-135.0107,-16.6,76,75,6.91
368,Vao,NC,1613510166,-22.6667,167.4833,79.56,88,64,11.41
369,Lyuban',BY,1613510166,52.7985,28.0048,7.88,96,33,6.71
370,Portland,US,1613509845,45.5234,-122.6762,51.01,71,75,9.22
371,Takoradze,GH,1613509910,4.8845,-1.7554,81.09,84,88,7.2
372,Sabang,ID,1613509758,5.8933,95.3214,82.17,73,29,12.59
373,Kristiansund,NO,1613510167,63.1115,7.732,41.0,48,20,9.22
374,Kumertau,RU,1613510047,52.7667,55.7833,-14.87,88,73,3.67
375,Puerto Plata,DO,1613509904,19.7934,-70.6884,82.4,69,20,16.11
376,Margate,GB,1613509720,51.3813,1.3862,46.0,80,19,4.0
377,Twentynine Palms,US,1613510167,34.1356,-116.0542,64.4,22,20,20.71
378,Bogorodskoye,RU,1613509880,56.55,37.8833,6.84,94,100,9.66
379,Kaupanger,NO,1613510168,61.1845,7.2404,33.01,80,75,11.5
380,Huacho,PE,1613509888,-11.1067,-77.605,78.06,60,6,9.42
381,Marsá Maţrūḩ,EG,1613510168,31.3525,27.2453,48.2,66,40,20.71
382,Kabo,CF,1613510168,7.6994,18.629,80.64,16,63,6.96
383,Ndola,ZM,1613509916,-12.9587,28.6366,70.0,84,100,1.99
384,Chui,UY,1613509706,-33.6971,-53.4616,71.94,86,58,7.25
385,Polyarny,RU,1613510168,69.1989,33.4478,-11.2,77,0,9.86
386,Baraut,IN,1613510169,29.1,77.2667,59.0,88,0,3.94
387,Gull Lake,CA,1613510169,50.1001,-108.4847,5.0,78,75,11.5
388,Anadyr,RU,1613510169,64.75,177.4833,-22.0,76,0,2.24
389,Fortuna,US,1613509986,40.5982,-124.1573,55.0,81,75,11.5
390,Dawlatabad,AF,1613509954,36.4141,64.9053,53.64,40,0,1.83
391,Le Port,RE,1613509727,-20.9373,55.2919,80.6,65,90,10.36
392,Turaif,SA,1613510169,31.6725,38.6637,51.8,66,40,6.91
393,Muscat,OM,1613510170,23.6139,58.5922,69.8,94,0,1.14
394,Kynšperk nad Ohří,CZ,1613510170,50.1189,12.5303,33.01,99,100,4.14
395,Kathu,TH,1613510170,7.9178,98.3332,75.2,83,20,3.44
396,Karaikudi,IN,1613510170,10.0667,78.7833,73.02,78,62,5.84
397,Olafsvik,IS,1613509879,64.8945,-23.7142,39.09,78,100,7.83
398,Karagay,RU,1613510170,58.2667,54.9368,-5.51,91,100,5.97
399,Talnakh,RU,1613509714,69.4865,88.3972,-17.93,80,88,2.39
400,Kula,TR,1613510171,38.5473,28.6498,22.37,92,11,8.01
401,Oparino,RU,1613510171,59.8518,48.2783,-4.23,92,100,4.25
402,Waipawa,NZ,1613510171,-41.4122,175.5153,60.01,72,90,21.85
403,Notre-Dame-du-Lac,CA,1613510171,47.6136,-68.7964,18.0,86,100,4.61
404,Toora-Khem,RU,1613510172,52.4675,96.11,11.25,90,81,2.24
405,Tecate,MX,1613510172,32.5667,-116.6333,63.0,69,30,4.0
406,Itararé,BR,1613510172,-24.1125,-49.3317,75.61,76,8,5.03
407,Murud,IN,1613510172,18.3258,72.965,70.38,82,0,5.03
408,Broome,US,1613509706,42.2506,-75.833,32.0,93,90,11.5
409,Sonoita,MX,1613510173,31.85,-112.8333,66.99,29,53,4.0
410,Salta,AR,1613510173,-24.7859,-65.4117,64.4,94,75,2.3
411,La Ronge,CA,1613509755,55.1001,-105.2842,-2.2,59,70,4.61
412,Tărlungeni,RO,1613510173,45.6333,25.75,15.01,76,0,3.6
413,Sibolga,ID,1613509763,1.7427,98.7792,77.0,78,7,3.91
414,Nelson Bay,AU,1613509765,-32.7167,152.15,69.8,78,75,5.75
415,Atkinson,US,1613510173,42.8384,-71.147,36.0,100,90,4.27
416,Cascais,PT,1613510174,38.6979,-9.4215,57.99,85,100,4.0
417,Ayan,RU,1613510174,56.45,138.1667,-8.23,79,100,13.94
418,Churapcha,RU,1613509894,62.0025,132.4325,-32.82,84,27,3.38
419,Taltal,CL,1613510174,-25.4,-70.4833,69.19,64,16,5.17
420,Noshiro,JP,1613510174,40.2039,140.0242,28.44,90,100,30.58
421,Nantucket,US,1613509880,41.2835,-70.0995,46.99,100,90,12.66
422,Kibala,TD,1613509891,9.1104,18.3463,84.2,15,0,4.61
423,Kayerkan,RU,1613509916,69.3497,87.7602,-18.09,86,97,3.49
424,Vardø,NO,1613509909,70.3705,31.1107,17.6,73,0,17.27
425,Menongue,AO,1613510175,-14.6585,17.691,64.56,72,8,3.58
426,Port Moresby,PG,1613510175,-9.4431,147.1797,73.4,100,40,5.75
427,Lagos,NG,1613510120,6.5833,3.75,82.4,89,20,6.91
428,Moerai,PF,1613510175,-22.4333,-151.3333,79.72,73,100,8.61
429,Kauhajoki,FI,1613510176,62.4333,22.1833,-2.0,84,0,4.65
430,Torrington,US,1613510176,41.8007,-73.1212,43.0,81,95,5.99
431,Molteno,ZA,1613510176,-31.3968,26.3625,49.3,80,44,10.38
432,Timrå,SE,1613510176,62.487,17.3257,26.01,79,90,4.61
433,Bosaso,SO,1613510176,11.2842,49.1816,74.26,72,63,3.62
434,Tomatlán,MX,1613509940,19.9333,-105.25,77.77,46,0,9.91
435,Shelburne,CA,1613509922,44.0787,-80.2041,15.8,79,90,14.97
436,Amapá,BR,1613509979,1.0,-52.0,77.65,80,52,3.24
437,Hamilton,US,1613510018,39.1834,-84.5333,21.99,58,90,8.05
438,Jacareacanga,BR,1613509989,-6.2222,-57.7528,84.87,69,13,2.64
439,Panalingaan,PH,1613510177,8.7842,117.4231,76.26,86,9,8.63
440,Coquimbo,CL,1613509904,-29.9533,-71.3436,68.0,60,0,12.66
441,Karratha,AU,1613509731,-20.7377,116.8463,80.1,74,100,6.29
442,Bandi̇̄pur,NP,1613510177,27.9333,84.4167,45.54,79,1,2.55
443,Yeniseysk,RU,1613510178,58.4497,92.1703,11.71,96,100,2.46
444,Bahía Blanca,AR,1613510063,-38.7196,-62.2724,78.53,26,0,10.71
445,Lompoc,US,1613509719,34.6391,-120.4579,60.8,55,1,19.57
446,Nuuk,GL,1613510178,64.1835,-51.7216,8.6,61,20,10.36
447,Bereket,TM,1613510178,39.2446,55.5154,57.43,37,0,3.53
448,Antigonish,CA,1613510178,45.6169,-61.9986,30.99,94,100,4.0
449,Moramanga,MG,1613510178,-18.9333,48.2,65.53,95,100,1.9
450,Batticaloa,LK,1613510179,7.7102,81.6924,75.61,75,27,2.75
451,Madang,PG,1613510179,-5.2246,145.7966,76.14,91,100,4.27
452,Caucaia,BR,1613510179,-3.7361,-38.6531,77.0,94,90,3.44
453,Senovo,SI,1613510179,46.0236,15.4769,33.8,75,72,3.44
454,Mananara,MG,1613509931,-16.1667,49.7667,77.59,90,100,3.44
455,Berlevåg,NO,1613509924,70.8578,29.0864,14.0,67,0,11.5
456,Westport,US,1613509630,41.1415,-73.3579,50.0,76,1,11.5
457,Kruisfontein,ZA,1613509707,-34.0033,24.7314,61.0,84,0,1.01
458,Jaisinghnagar,IN,1613510180,23.7,81.3833,62.69,72,93,4.81
459,Jensen Beach,US,1613510180,27.2545,-80.2298,77.0,73,90,14.97
460,Fairbanks,US,1613509825,64.8378,-147.7164,10.4,85,90,3.44
461,Brae,GB,1613509721,60.3964,-1.353,46.4,76,20,23.02
462,Kaeo,NZ,1613510180,-35.1,173.7833,72.0,67,84,7.0
463,Batemans Bay,AU,1613509768,-35.7167,150.1833,64.0,96,76,1.01
464,Juneau,US,1613510113,58.3019,-134.4197,24.8,80,90,2.71
465,Chāndbāli,IN,1613510180,20.7833,86.7667,67.84,91,0,4.9
466,Leningradskiy,RU,1613509689,69.3833,178.4167,-18.62,87,84,4.12
467,Dawson Creek,CA,1613510181,55.7666,-120.2362,3.2,72,1,3.44
468,Ust-Kuyga,RU,1613509924,70.0167,135.6,-27.81,81,94,1.01
469,Chernyshevskiy,RU,1613509933,63.0128,112.4714,-29.74,85,72,3.58
470,Saint George,US,1613509547,37.1041,-113.5841,57.2,21,20,14.97
471,Ongandjera,NA,1613510181,-17.8833,15.0667,80.11,32,50,14.38
472,Banyo,CM,1613510181,6.75,11.8167,68.4,24,0,4.97
473,Dingle,PH,1613509749,10.9995,122.6711,73.35,91,59,6.87
474,Touros,BR,1613509914,-5.1989,-35.4608,80.6,83,40,6.91
475,Horodnya,UA,1613510182,51.8909,31.5974,3.25,94,90,8.48
476,Oxford,GB,1613509735,51.7522,-1.256,46.4,87,75,13.8
477,Gander,CA,1613510038,48.9682,-54.5906,23.0,63,90,3.44
478,High Rock,BS,1613510182,26.6208,-78.2833,77.0,88,75,9.22
479,Laguna,US,1613509700,38.421,-121.4238,60.01,54,1,4.61
480,Piła,PL,1613509894,53.1515,16.7378,28.0,97,100,3.38
481,Bitung,ID,1613510183,1.4451,125.1824,77.0,94,40,2.3
482,Cerano,MX,1613510183,20.1167,-101.3833,75.2,16,1,20.71
483,Selikhino,RU,1613510183,50.3672,137.4996,13.44,93,100,22.5
484,Ashington,GB,1613510183,50.9331,-0.3909,48.0,3,18,3.0
485,Staraya Russa,RU,1613510183,57.9944,31.3608,4.95,94,89,7.49
486,Kawalu,ID,1613509775,-7.3817,108.2082,74.23,88,100,0.96
487,Adrar,MR,1613509880,20.5022,-10.0711,72.82,20,98,13.69
488,Sola,VU,1613510184,-13.8833,167.55,82.4,94,20,10.47
489,Cooma,AU,1613510184,-36.2333,149.1333,57.2,88,90,10.36
490,Ca Mau,VN,1613509993,9.1769,105.15,69.73,87,48,5.97
491,Palu,ID,1613510184,-0.8917,119.8707,75.63,82,98,1.77
492,Visnes,NO,1613510184,59.3556,5.2242,36.0,87,90,24.16
493,Amahai,ID,1613510184,-3.3333,128.9167,78.51,77,99,3.47
494,Shchelkun,RU,1613510184,56.3034,60.9483,-7.6,71,20,15.66
495,Tekeli,KZ,1613510185,44.83,78.8239,35.37,73,1,10.51
496,Seymchan,RU,1613510185,62.8833,152.4333,-21.71,85,100,2.39
497,Ponta Delgada,PT,1613510185,37.7333,-25.6667,59.0,72,40,14.97
498,Norman Wells,CA,1613509687,65.282,-126.8329,-14.8,76,75,2.3
499,Valleyview,CA,1613510185,55.0667,-117.2859,5.0,78,100,3.44
500,Kabin Buri,TH,1613510185,13.9511,101.7177,76.33,81,0,3.38
501,Mathbaria,BD,1613510185,22.2876,89.9593,63.52,56,0,2.21
502,Jaguaribe,BR,1613510185,-5.8906,-38.6219,76.48,86,100,3.94
503,Kokkola,FI,1613510186,63.8385,23.1307,3.99,84,0,4.61
504,Yinchuan,CN,1613509692,38.4681,106.2731,31.05,73,0,5.53
505,Kingisepp,RU,1613510186,59.3733,28.6134,7.81,95,90,6.2
506,Mahibadhoo,MV,1613510186,3.7833,72.9667,80.85,78,91,10.78
507,Bambanglipuro,ID,1613510186,-7.95,110.2833,77.59,86,98,2.57
508,Codajás,BR,1613510186,-3.8367,-62.0569,88.21,63,53,3.22
509,Paamiut,GL,1613509694,61.994,-49.6678,10.67,87,47,18.54
510,Road Town,VG,1613509687,18.4167,-64.6167,80.6,61,0,21.36
511,Fortuna Foothills,US,1613510187,32.6578,-114.4119,73.99,25,1,6.91
512,Aden,YE,1613510074,12.7794,45.0367,76.48,69,54,15.43
513,Tura,IN,1613510187,25.5198,90.2201,62.1,36,0,2.39
514,Cockburn Town,TC,1613510187,21.4612,-71.1419,80.6,61,20,17.27
515,Koutsouras,GR,1613510187,35.0339,25.9469,44.01,51,29,44.0
516,Berdigestyakh,RU,1613510188,62.0989,126.6992,-31.56,84,35,2.57
517,Qaqortoq,GL,1613510188,60.7167,-46.0333,17.6,57,75,10.36
518,Frutal,BR,1613510188,-20.0247,-48.9406,79.41,79,48,6.53
519,Mabaruma,GY,1613510188,8.2,-59.7833,79.5,65,96,7.52
520,Alberton,CA,1613510188,46.8168,-64.0654,26.6,93,100,26.46
521,Yatou,CN,1613510188,37.15,122.3833,20.7,84,79,19.51
522,Port-Gentil,GA,1613510189,-0.7193,8.7815,80.6,100,40,4.61
523,Tuy Hoa,VN,1613509739,13.0833,109.3,65.05,89,45,5.93
524,Greenville,US,1613510101,35.6127,-77.3663,66.0,42,1,12.66
525,Darłowo,PL,1613510189,54.421,16.4107,28.99,93,100,5.57
526,Faya,SA,1613509709,18.3851,42.4509,62.6,33,0,3.87
527,Luanda,AO,1613510055,-8.8368,13.2343,80.6,78,40,6.91
528,Stornoway,GB,1613510190,58.2093,-6.3865,44.6,81,75,21.85
529,Kununurra,AU,1613509727,-15.7667,128.7333,80.6,80,100,0.92
530,Grøa,NO,1613510190,62.65,8.7167,41.0,48,20,9.22
531,Trincomalee,LK,1613510190,8.5711,81.2335,77.97,72,2,7.74
532,Barra de Tecoanapa,MX,1613510190,16.5167,-98.75,80.42,54,0,12.55
533,Mounana,GA,1613510191,-1.4085,13.1586,72.23,93,45,2.33
534,Bluefield,US,1613510191,37.2698,-81.2223,23.0,100,90,13.8
535,Algiers,DZ,1613510191,36.7525,3.042,42.8,81,20,3.94
536,Laje,BR,1613510191,-10.1833,-40.9667,73.8,84,100,1.77
537,Bilibino,RU,1613509883,68.0546,166.4372,-14.3,79,0,1.81
538,Santa Luzia,BR,1613510191,-19.7697,-43.8514,86.0,58,40,4.61
539,Aykhal,RU,1613510192,66.0,111.5,-28.26,80,80,9.35
540,Itaituba,BR,1613509571,-4.2761,-55.9836,84.31,71,100,1.48
541,Sioux Lookout,CA,1613509955,50.1001,-91.917,6.8,40,20,8.05
542,Kargasok,RU,1613510192,59.0556,80.8572,-6.52,92,86,6.06
543,Shubarshi,KZ,1613510192,48.5872,57.1869,13.46,91,100,12.84
544,Tres Palos,MX,1613510192,18.1833,-101.6167,80.6,65,40,11.5
545,Auki,SB,1613509980,-8.7676,160.7034,81.32,77,100,1.95
546,Chodavaram,IN,1613510193,17.8333,82.95,71.6,94,0,2.3
547,Bariloche,AR,1613509712,-41.1456,-71.3082,71.6,33,20,26.46
548,Eséka,CM,1613510193,3.65,10.7667,75.67,88,90,2.44
549,Mortka,RU,1613510193,59.3322,66.0214,-7.08,91,99,5.97
550,Clifton,US,1613510082,40.8584,-74.1638,48.2,57,1,14.97
551,Jutaí,BR,1613510193,-5.1833,-68.9,86.25,72,43,2.26
552,Lakhdenpokh'ya,RU,1613510193,61.5198,30.1992,10.99,92,63,8.59
553,Byron Bay,AU,1613509719,-28.65,153.6167,69.8,94,75,14.97
554,Rio Grande,BR,1613510194,-32.035,-52.0986,84.2,51,75,11.5
555,Polunochnoye,RU,1613510194,60.8697,60.4153,-15.79,88,100,2.44
556,Vrangel',RU,1613510194,42.7297,133.0839,8.67,88,100,22.01
557,Palmer,US,1613509950,42.1584,-72.3287,39.99,93,90,8.43
558,San Bartolomé de Tirajana,ES,1613510194,27.9248,-15.5733,69.01,30,0,10.36
559,Buraidah,SA,1613510194,26.326,43.975,71.6,35,0,12.66
560,Maunatlala,BW,1613510195,-22.597,27.6301,66.61,79,99,7.72
561,Ayaviri,PE,1613510195,-14.8864,-70.5889,59.83,33,27,4.79
562,Dauriya,RU,1613510195,49.9333,116.8667,-20.18,83,0,5.53
563,Aranos,NA,1613510195,-24.1333,19.1167,74.37,20,49,7.7
564,Port Keats,AU,1613510195,-14.25,129.55,80.06,85,93,2.51
565,Magadan,RU,1613509920,59.5667,150.8,-1.05,81,0,10.96
566,Nemuro,JP,1613509909,43.3236,145.575,25.45,88,96,33.08
567,Dunajská Streda,SK,1613510196,47.9927,17.6121,30.99,84,100,1.99
568,Khartoum,SD,1613509808,15.5518,32.5324,80.6,12,0,17.27
569,Akdepe,TM,1613509724,42.0551,59.3788,39.2,75,0,11.5
570,Den Helder,NL,1613510196,52.9599,4.7593,42.8,93,90,13.8
571,Novoselytsya,UA,1613510196,48.2193,26.2653,12.0,72,36,1.99
572,Mount Gambier,AU,1613510017,-37.8333,140.7667,69.8,52,30,10.36
573,Kingston,JM,1613510197,17.997,-76.7936,84.0,69,20,25.32
574,Youkounkoun,GN,1613509980,12.5333,-13.1333,87.03,13,57,4.23
575,Luau,AO,1613509924,-10.7073,22.2247,70.34,82,100,2.3
576,Aasiaat,GL,1613510197,68.7098,-52.8699,-5.69,91,82,5.61
577,Ulaangom,MN,1613509710,49.9811,92.0667,-6.68,88,47,1.28
578,Yenagoa,NG,1613509735,4.9247,6.2642,79.57,84,90,4.88
579,Okakarara,NA,1613510198,-20.5833,17.4333,70.54,38,98,8.59
580,Mayumba,GA,1613510198,-3.432,10.6554,80.15,83,81,6.58
581,Yenotayevka,RU,1613510105,47.2456,47.0281,14.0,73,100,1.01
